duration_in_seconds, start_time_in_seconds_since_unix_epoch, end_time_in_seconds_since_unix_epoch 
57, 1751094410, 1751094468
137, 1751095284, 1751095421
12, 1751101043, 1751101055
6, 1751101062, 1751101068
36, 1751103046, 1751103082
6, 1751103189, 1751103195
30, 1751103223, 1751103254
24, 1751105799, 1751105823
18, 1751105831, 1751105849
6, 1751105855, 1751105862
24, 1751106229, 1751106253
6, 1751107752, 1751107758
23, 1751107778, 1751107802
36, 1751109726, 1751109763
6, 1751110703, 1751110709
12, 1751110772, 1751110784
294, 1751112822, 1751113116
1370, 1751113606, 1751114977
1370, 1751113606, 1751114977
1370, 1751113606, 1751114977
1370, 1751113606, 1751114977
1370, 1751113606, 1751114977
1370, 1751113606, 1751114977
1370, 1751113606, 1751114977
1370, 1751113606, 1751114977
